[
  {
    "SIF Identifier": "SF",
    "Data Example": "HAWORTH COLLECTION.SPC",
    "Data Description": "SIF File Name",
    "Required": "No",
    "Display": "Display"
  },
  {
    "SIF Identifier": "VR",
    "Data Example": "ProjectSpec Version 5.0.4.0",
    "Data Description": "Version",
    "Required": "No",
    "Display": "Don't Display"
  },
  {
    "SIF Identifier": "DT",
    "Data Example": "9/24/2020",
    "Data Description": "Date",
    "Required": "No",
    "Display": "Don't Display"
  },
  {
    "SIF Identifier": "TM",
    "Data Example": "11:38:18",
    "Data Description": "Time",
    "Required": "No",
    "Display": "Don't Display"
  },
  {
    "SIF Identifier": "PT",
    "Data Example": "4339",
    "Data Description": "Total Product",
    "Required": "No",
    "Display": "Display"
  },
  {
    "SIF Identifier": "TL",
    "Data Example": "27040",
    "Data Description": "Total List",
    "Required": "No",
    "Display": "Display"
  },
  {
    "SIF Identifier": "TS",
    "Data Example": "20280",
    "Data Description": "Total Sell",
    "Required": "No",
    "Display": "Don't Display"
  },
  {
    "SIF Identifier": "TP",
    "Data Example": "14331.2",
    "Data Description": "Total Purchase",
    "Required": "No",
    "Display": "Display"
  },
  {
    "SIF Identifier": "PN",
    "Data Example": "HCGN-MNTS",
    "Data Description": "Product Number",
    "Required": "Yes",
    "Display": "Display"
  },
  {
    "SIF Identifier": "PD",
    "Data Example": "HC, GAN, Mangas Natural, Area Rug, Squares",
    "Data Description": "Product Description",
    "Required": "Yes",
    "Display": "Display"
  },
  {
    "SIF Identifier": "MC",
    "Data Example": "HDC",
    "Data Description": "Catalog Code",
    "Required": "No",
    "Display": "Display"
  },
  {
    "SIF Identifier": "EC",
    "Data Example": "HAW",
    "Data Description": "Manufacturer Code",
    "Required": "?",
    "Display": "Display"
  },
  {
    "SIF Identifier": "TG",
    "Data Example": "INSTALL TAG",
    "Data Description": "Tag 1",
    "Required": "No",
    "Display": "Display"
  },
  {
    "SIF Identifier": "GC",
    "Data Example": "PACKAGING TAG",
    "Data Description": "Tag 2",
    "Required": "No",
    "Display": "Display"
  },
  {
    "SIF Identifier": "T3",
    "Data Example": "GENERAL TAG",
    "Data Description": "Tag 3",
    "Required": "No",
    "Display": "Display"
  },
  {
    "SIF Identifier": "T4",
    "Data Example": "LEGACY",
    "Data Description": "Tag 4",
    "Required": "No",
    "Display": "Display"
  },
  {
    "SIF Identifier": "T5",
    "Data Example": "GROUP1",
    "Data Description": "Tag 5",
    "Required": "No",
    "Display": "Display"
  },
  {
    "SIF Identifier": "QT",
    "Data Example": "1",
    "Data Description": "Line Item Quantity",
    "Required": "Yes",
    "Display": "Display"
  },
  {
    "SIF Identifier": "PL",
    "Data Example": "3900",
    "Data Description": "Product List",
    "Required": "Yes",
    "Display": "Display"
  },
  {
    "SIF Identifier": "SP",
    "Data Example": "2925",
    "Data Description": "Product Sell",
    "Required": "No",
    "Display": "Don't Display"
  },
  {
    "SIF Identifier": "BP",
    "Data Example": "2067",
    "Data Description": "Product Cost",
    "Required": "Yes",
    "Display": "Display"
  },
  {
    "SIF Identifier": "S-",
    "Data Example": "25",
    "Data Description": "Sell Discount",
    "Required": "No",
    "Display": "Don't Display"
  },
  {
    "SIF Identifier": "P%",
    "Data Example": "47",
    "Data Description": "Purchase Discount",
    "Required": "No",
    "Display": "Display"
  },
  {
    "SIF Identifier": "ON",
    "Data Example": ",ZF-A01",
    "Data Description": "Option Number",
    "Required": "No",
    "Display": "Display"
  },
  {
    "SIF Identifier": "OD",
    "Data Example": "GREY WITH BEIGE SQUARES GRD A",
    "Data Description": "Option Description",
    "Required": "No",
    "Display": "Display"
  },
  {
    "SIF Identifier": "OG",
    "Data Example": "Floor Surface Color",
    "Data Description": "Option Group",
    "Required": "No",
    "Display": "Display"
  },
  {
    "SIF Identifier": "SL",
    "Data Example": "END OF Haworth Collection.SIF",
    "Data Description": "End of SIF",
    "Required": "Yes",
    "Display": "End of file - Import complete"
  },
  {
    "SIF Identifier": "FPPRJ",
    "Data Example": "C:\\Users\\mgoldman\\Documents\\CAP\\Projects\\LOBBY AND SMALL RECEPTION (2).sp4",
    "Data Description": "SIF File Path",
    "Required": "No",
    "Display": "Don't Display"
  },
  {
    "SIF Identifier": "L1",
    "Data Example": "Tag",
    "Data Description": "Alias One Tag",
    "Required": "No",
    "Display": "Display"
  },
  {
    "SIF Identifier": "L2",
    "Data Example": "Tag",
    "Data Description": "Alias Two Tag",
    "Required": "No",
    "Display": "Display"
  },
  {
    "SIF Identifier": "L3",
    "Data Example": "Tag",
    "Data Description": "Alias Three Tag",
    "Required": "No",
    "Display": "Display"
  },
  {
    "SIF Identifier": "PB",
    "Data Example": "4726.89",
    "Data Description": "Product Cost",
    "Required": "Yes",
    "Display": "Display"
  }
]