{
  "$schema": "http://json-schema.org/draft-07/schema#",
  "title": "Purchase Order",
  "type": "object",
  "properties": {
    "poInfo": {
      "type": "object",
      "description": "Core Purchase Order Information",
      "properties": {
        "poNumber": { "type": "string", "description": "Unique identifier for purchase order" },
        "poDate": { "type": "string", "format": "date", "description": "Date when PO was created" },
        "expectedDeliveryDate": { "type": "string", "format": "date", "description": "Anticipated date of delivery" },
        "paymentTerms": { "type": "string", "description": "Terms of payment for the order" },
        "orderStatus": { 
          "type": "string", 
          "enum": ["Draft", "Submitted", "Approved", "In Process", "Delivered", "Completed", "Cancelled"],
          "description": "Current status of the purchase order"
        }
      },
      "required": ["poNumber", "poDate", "orderStatus"]
    },
    "vendor": {
      "type": "object",
      "description": "Vendor Information",
      "properties": {
        "name": { "type": "string", "description": "Name of the supplier" },
        "address": { "type": "string", "description": "Physical address of vendor" },
        "contactAssociated": { "type": "string", "description": "Primary contact at vendor" },
        "email": { "type": "string", "format": "email", "description": "Email contact for vendor" },
        "phone": { "type": "string", "description": "Phone number for vendor" }
      },
      "required": ["name"]
    },
    "shipping": {
      "type": "object",
      "description": "Shipping Information",
      "properties": {
        "shipToAddress": { "type": "string", "description": "Delivery location address" },
        "shippingTerms": { "type": "string", "description": "Terms for shipping arrangements" },
        "shippingRequirements": { "type": "object", "description": "Special shipping instructions" },
        "freightTerms": { 
          "type": "string", 
          "enum": ["FOB Origin", "FOB Destination", "CIF", "Prepaid", "Collect"],
          "description": "Who pays for freight and how" 
        }
      },
      "required": ["shipToAddress"]
    },
    "lineItems": {
      "type": "array",
      "description": "Products being ordered",
      "items": {
        "type": "object",
        "properties": {
          "catalogCode": { "type": "string", "description": "Reference code from product catalog" },
          "quantity": { "type": "number", "description": "Number of units ordered" },
          "manufacturerCode": { "type": "string", "description": "Code identifying the manufacturer" },
          "optionDescription": { "type": "string", "description": "Description of selected options" },
          "optionGroup": { "type": "string", "description": "Category grouping for options" },
          "optionNumber": { "type": "string", "description": "Identifier for specific option" },
          "productCost": { "type": "number", "description": "Cost of the product to dealer" },
          "productDescription": { "type": "string", "description": "Detailed description of the product" },
          "productList": { "type": "number", "description": "List price of the product" },
          "productNumber": { "type": "string", "description": "Unique identifier for the product" },
          "productSell": { "type": "number", "description": "Selling price of the product" },
          "purchaseDiscount": { "type": "number", "description": "Discount on purchase price as percentage" },
          "sellDiscount": { "type": "number", "description": "Discount on selling price as percentage" },
          "tags": {
            "type": "object",
            "properties": {
              "tag1": { "type": "string" },
              "tag2": { "type": "string" },
              "tag3": { "type": "string" },
              "tag4": { "type": "string" },
              "tag5": { "type": "string" }
            }
          },
          "totalList": { "type": "number", "description": "Total list price for line item" },
          "totalProduct": { "type": "number", "description": "Total product cost for line item" },
          "totalPurchase": { "type": "number", "description": "Total purchase amount for line item" },
          "totalSell": { "type": "number", "description": "Total selling amount for line item" },
          "dimensions": { "type": "string", "description": "Size specifications of furniture" },
          "furnitureCategory": { 
            "type": "string", 
            "enum": ["Seating", "Storage", "Tables", "Desks", "Accessories", "Other"],
            "description": "Type of furniture" 
          },
          "assemblyRequired": { 
            "type": "boolean", 
            "description": "Whether assembly is needed" 
          },
          "warrantyInformation": { "type": "string", "description": "Details about product warranty" }
        },
        "required": ["productNumber", "quantity", "productCost"]
      }
    },
    "project": {
      "type": "object",
      "description": "Project Information",
      "properties": {
        "projectName": { "type": "string", "description": "Name of associated project" },
        "projectManager": { "type": "string", "description": "Person managing the project" },
        "projectStatus": { 
          "type": "string", 
          "enum": ["Planning", "In Progress", "On Hold", "Completed", "Cancelled"],
          "description": "Current status of the project" 
        },
        "installationDate": { "type": "string", "format": "date", "description": "When furniture will be installed" }
      }
    },
    "financials": {
      "type": "object",
      "description": "Financial Information",
      "properties": {
        "poTotalAmount": { "type": "number", "description": "Total value of purchase order" },
        "discountAmount": { "type": "number", "description": "Any discounts applied" },
        "taxAmount": { "type": "number", "description": "Taxes applied to the order" },
        "invoiceStatus": { 
          "type": "string", 
          "enum": ["Not Invoiced", "Partially Invoiced", "Fully Invoiced", "Paid"],
          "description": "Current status of invoicing" 
        },
        "remainingPoAmount": { "type": "number", "description": "Amount still to be paid" }
      }
    },
    "complianceCertifications": {
      "type": "array",
      "description": "Industry standard certifications",
      "items": { "type": "string" }
    },
    "metadata": {
      "type": "object",
      "description": "Additional PO metadata",
      "properties": {
        "createdAt": { "type": "string", "format": "date-time", "description": "Timestamp when PO was created" },
        "updatedAt": { "type": "string", "format": "date-time", "description": "Timestamp when PO was last updated" },
        "createdBy": { "type": "string", "description": "User who created the PO" },
        "updatedBy": { "type": "string", "description": "User who last updated the PO" }
      }
    }
  },
  "required": ["poInfo", "vendor", "lineItems"]
}
